Order Date,Order Year,Order Month,Order ID
2023-01-03 00:00:00,2023,1,US-2023-103800
2023-01-04 00:00:00,2023,1,US-2023-112326
2023-01-05 00:00:00,2023,1,US-2023-141817
2023-01-06 00:00:00,2023,1,US-2023-167199
2023-01-07 00:00:00,2023,1,US-2023-105417
2023-01-09 00:00:00,2023,1,US-2023-135405
2023-01-10 00:00:00,2023,1,US-2023-149020
2023-01-11 00:00:00,2023,1,US-2023-130092
2023-01-13 00:00:00,2023,1,US-2023-157147
2023-01-14 00:00:00,2023,1,US-2023-149524
2023-01-15 00:00:00,2023,1,US-2023-103366
2023-01-16 00:00:00,2023,1,US-2023-115791
2023-01-18 00:00:00,2023,1,US-2023-123477
2023-01-19 00:00:00,2023,1,US-2023-146591
2023-01-20 00:00:00,2023,1,US-2023-147627
2023-01-21 00:00:00,2023,1,US-2023-110422
2023-01-23 00:00:00,2023,1,US-2023-146997
2023-01-26 00:00:00,2023,1,US-2023-167997
2023-01-27 00:00:00,2023,1,US-2023-117163
2023-01-28 00:00:00,2023,1,US-2023-100328
2023-01-30 00:00:00,2023,1,US-2023-134103
2023-01-31 00:00:00,2023,1,US-2023-115161
2023-02-01 00:00:00,2023,2,US-2023-140795
2023-02-02 00:00:00,2023,2,US-2023-123400
2023-02-03 00:00:00,2023,2,US-2023-111059
2023-02-04 00:00:00,2023,2,US-2023-104808
2023-02-06 00:00:00,2023,2,US-2023-108182
2023-02-07 00:00:00,2023,2,US-2023-169390
2023-02-08 00:00:00,2023,2,US-2023-125759
2023-02-11 00:00:00,2023,2,US-2023-168368
2023-02-12 00:00:00,2023,2,US-2023-110674
2023-02-14 00:00:00,2023,2,US-2023-121762
2023-02-15 00:00:00,2023,2,US-2023-165568
2023-02-16 00:00:00,2023,2,US-2023-122567
2023-02-17 00:00:00,2023,2,US-2023-154165
2023-02-18 00:00:00,2023,2,US-2023-165589
2023-02-20 00:00:00,2023,2,US-2023-109491
2023-02-21 00:00:00,2023,2,US-2023-165540
2023-02-22 00:00:00,2023,2,US-2023-133354
2023-02-23 00:00:00,2023,2,US-2023-103744
2023-02-24 00:00:00,2023,2,US-2023-137680
2023-02-27 00:00:00,2023,2,US-2023-156545
2023-03-01 00:00:00,2023,3,US-2023-113880
2023-03-02 00:00:00,2023,3,US-2023-107524
2023-03-03 00:00:00,2023,3,US-2023-127978
2023-03-04 00:00:00,2023,3,US-2023-117016
2023-03-05 00:00:00,2023,3,US-2023-169061
2023-03-07 00:00:00,2023,3,US-2023-104563
2023-03-10 00:00:00,2023,3,US-2023-140116
2023-03-11 00:00:00,2023,3,US-2023-166884
2023-03-13 00:00:00,2023,3,CA-2023-139675
2023-03-14 00:00:00,2023,3,US-2023-125521
2023-03-15 00:00:00,2023,3,US-2023-149958
2023-03-16 00:00:00,2023,3,US-2023-157609
2023-03-17 00:00:00,2023,3,US-2023-148838
2023-03-18 00:00:00,2023,3,US-2023-111871
2023-03-19 00:00:00,2023,3,US-2023-103989
2023-03-21 00:00:00,2023,3,US-2023-155544
2023-03-22 00:00:00,2023,3,US-2023-148040
2023-03-23 00:00:00,2023,3,US-2023-164749
2023-03-24 00:00:00,2023,3,US-2023-143637
2023-03-25 00:00:00,2023,3,US-2023-148586
2023-03-26 00:00:00,2023,3,US-2023-141838
2023-03-28 00:00:00,2023,3,US-2023-117380
2023-03-29 00:00:00,2023,3,US-2023-137274
2023-03-30 00:00:00,2023,3,US-2023-131247
2023-03-31 00:00:00,2023,3,US-2023-130428
2023-04-01 00:00:00,2023,4,US-2023-157021
2023-04-02 00:00:00,2023,4,US-2023-160276
2023-04-03 00:00:00,2023,4,US-2023-112291
2023-04-04 00:00:00,2023,4,US-2023-133228
2023-04-05 00:00:00,2023,4,US-2023-102988
2023-04-06 00:00:00,2023,4,US-2023-102652
2023-04-07 00:00:00,2023,4,US-2023-124023
2023-04-08 00:00:00,2023,4,US-2023-118997
2023-04-11 00:00:00,2023,4,US-2023-121734
2023-04-12 00:00:00,2023,4,US-2023-154599
2023-04-13 00:00:00,2023,4,US-2023-122336
2023-04-15 00:00:00,2023,4,US-2023-120740
2023-04-16 00:00:00,2023,4,US-2023-155208
2023-04-18 00:00:00,2023,4,US-2023-100678
2023-04-19 00:00:00,2023,4,US-2023-169460
2023-04-20 00:00:00,2023,4,US-2023-101462
2023-04-21 00:00:00,2023,4,US-2023-158064
2023-04-22 00:00:00,2023,4,US-2023-122070
2023-04-23 00:00:00,2023,4,US-2023-150119
2023-04-25 00:00:00,2023,4,US-2023-166954
2023-04-26 00:00:00,2023,4,US-2023-147298
2023-04-28 00:00:00,2023,4,US-2023-118976
2023-04-29 00:00:00,2023,4,US-2023-107811
2023-04-30 00:00:00,2023,4,US-2023-160094
2023-05-02 00:00:00,2023,5,US-2023-115056
2023-05-03 00:00:00,2023,5,US-2023-135755
2023-05-04 00:00:00,2023,5,US-2023-155271
2023-05-05 00:00:00,2023,5,US-2023-110219
2023-05-06 00:00:00,2023,5,US-2023-154879
2023-05-07 00:00:00,2023,5,US-2023-166086
2023-05-08 00:00:00,2023,5,US-2023-116666
2023-05-09 00:00:00,2023,5,US-2023-158771
2023-05-10 00:00:00,2023,5,US-2023-114181
2023-05-11 00:00:00,2023,5,US-2023-152100
2023-05-12 00:00:00,2023,5,US-2023-127159
2023-05-13 00:00:00,2023,5,US-2023-113768
2023-05-14 00:00:00,2023,5,US-2023-106810
2023-05-16 00:00:00,2023,5,US-2023-125150
2023-05-17 00:00:00,2023,5,US-2023-148761
2023-05-18 00:00:00,2023,5,US-2023-164224
2023-05-19 00:00:00,2023,5,US-2023-107699
2023-05-20 00:00:00,2023,5,US-2023-114188
2023-05-21 00:00:00,2023,5,US-2023-127166
2023-05-22 00:00:00,2023,5,US-2023-143840
2023-05-23 00:00:00,2023,5,US-2023-135881
2023-05-24 00:00:00,2023,5,US-2023-143413
2023-05-25 00:00:00,2023,5,US-2023-130379
2023-05-26 00:00:00,2023,5,US-2023-156349
2023-05-27 00:00:00,2023,5,US-2023-124429
2023-05-28 00:00:00,2023,5,US-2023-108861
2023-05-30 00:00:00,2023,5,US-2023-145800
2023-05-31 00:00:00,2023,5,US-2023-166051
2023-06-01 00:00:00,2023,6,US-2023-131926
2023-06-02 00:00:00,2023,6,US-2023-104472
2023-06-03 00:00:00,2023,6,US-2023-163867
2023-06-04 00:00:00,2023,6,US-2023-151946
2023-06-06 00:00:00,2023,6,US-2023-159520
2023-06-07 00:00:00,2023,6,US-2023-106229
2023-06-08 00:00:00,2023,6,US-2023-109162
2023-06-09 00:00:00,2023,6,US-2023-115812
2023-06-10 00:00:00,2023,6,US-2023-144281
2023-06-13 00:00:00,2023,6,US-2023-114643
2023-06-14 00:00:00,2023,6,US-2023-140487
2023-06-15 00:00:00,2023,6,US-2023-141215
2023-06-16 00:00:00,2023,6,US-2023-136644
2023-06-17 00:00:00,2023,6,US-2023-144414
2023-06-18 00:00:00,2023,6,US-2023-123855
2023-06-20 00:00:00,2023,6,US-2023-166863
2023-06-21 00:00:00,2023,6,US-2023-138317
2023-06-22 00:00:00,2023,6,US-2023-154963
2023-06-23 00:00:00,2023,6,US-2023-130358
2023-06-24 00:00:00,2023,6,US-2023-159814
2023-06-25 00:00:00,2023,6,US-2023-159338
2023-06-27 00:00:00,2023,6,US-2023-104283
2023-06-28 00:00:00,2023,6,US-2023-140858
2023-06-29 00:00:00,2023,6,US-2023-165974
2023-06-30 00:00:00,2023,6,US-2023-121566
2023-07-01 00:00:00,2023,7,US-2023-160773
2023-07-02 00:00:00,2023,7,US-2023-107594
2023-07-04 00:00:00,2023,7,US-2023-120096
2023-07-05 00:00:00,2023,7,US-2023-103317
2023-07-06 00:00:00,2023,7,US-2023-147543
2023-07-07 00:00:00,2023,7,US-2023-138758
2023-07-08 00:00:00,2023,7,US-2023-150301
2023-07-09 00:00:00,2023,7,US-2023-113271
2023-07-11 00:00:00,2023,7,US-2023-163552
2023-07-12 00:00:00,2023,7,US-2023-131310
2023-07-13 00:00:00,2023,7,US-2023-165862
2023-07-14 00:00:00,2023,7,US-2023-164182
2023-07-15 00:00:00,2023,7,US-2023-115980
2023-07-18 00:00:00,2023,7,US-2023-123295
2023-07-19 00:00:00,2023,7,US-2023-150434
2023-07-20 00:00:00,2023,7,US-2023-143903
2023-07-21 00:00:00,2023,7,US-2023-116932
2023-07-22 00:00:00,2023,7,US-2023-117464
2023-07-23 00:00:00,2023,7,US-2023-119137
2023-07-25 00:00:00,2023,7,US-2023-143917
2023-07-26 00:00:00,2023,7,US-2023-116190
2023-07-27 00:00:00,2023,7,US-2023-150126
2023-07-28 00:00:00,2023,7,US-2023-131541
2023-07-30 00:00:00,2023,7,US-2023-111192
2023-08-01 00:00:00,2023,8,US-2023-117345
2023-08-02 00:00:00,2023,8,US-2023-106299
2023-08-03 00:00:00,2023,8,US-2023-133690
2023-08-04 00:00:00,2023,8,US-2023-134215
2023-08-05 00:00:00,2023,8,US-2023-117968
2023-08-06 00:00:00,2023,8,US-2023-115357
2023-08-08 00:00:00,2023,8,US-2023-156790
2023-08-09 00:00:00,2023,8,US-2023-161249
2023-08-11 00:00:00,2023,8,US-2023-127012
2023-08-12 00:00:00,2023,8,US-2023-109897
2023-08-15 00:00:00,2023,8,US-2023-164406
2023-08-16 00:00:00,2023,8,US-2023-142839
2023-08-17 00:00:00,2023,8,US-2023-111500
2023-08-19 00:00:00,2023,8,US-2023-156559
2023-08-20 00:00:00,2023,8,US-2023-114321
2023-08-22 00:00:00,2023,8,US-2023-123253
2023-08-23 00:00:00,2023,8,US-2023-124737
2023-08-24 00:00:00,2023,8,US-2023-107916
2023-08-25 00:00:00,2023,8,US-2023-104178
2023-08-26 00:00:00,2023,8,US-2023-103331
2023-08-27 00:00:00,2023,8,US-2023-124688
2023-08-29 00:00:00,2023,8,US-2023-169775
2023-08-30 00:00:00,2023,8,US-2023-146500
2023-08-31 00:00:00,2023,8,US-2023-143385
2023-09-01 00:00:00,2023,9,US-2023-126522
2023-09-02 00:00:00,2023,9,US-2023-157721
2023-09-03 00:00:00,2023,9,US-2023-120236
2023-09-05 00:00:00,2023,9,US-2023-136861
2023-09-06 00:00:00,2023,9,US-2023-130449
2023-09-07 00:00:00,2023,9,US-2023-117765
2023-09-08 00:00:00,2023,9,US-2023-107818
2023-09-09 00:00:00,2023,9,US-2023-126403
2023-09-10 00:00:00,2023,9,US-2023-125731
2023-09-11 00:00:00,2023,9,US-2023-112837
2023-09-12 00:00:00,2023,9,US-2023-116246
2023-09-13 00:00:00,2023,9,US-2023-113859
2023-09-14 00:00:00,2023,9,US-2023-127635
2023-09-15 00:00:00,2023,9,US-2023-149594
2023-09-16 00:00:00,2023,9,US-2023-141152
2023-09-17 00:00:00,2023,9,US-2023-103940
2023-09-19 00:00:00,2023,9,US-2023-168130
2023-09-20 00:00:00,2023,9,US-2023-166744
2023-09-21 00:00:00,2023,9,US-2023-166310
2023-09-22 00:00:00,2023,9,US-2023-156160
2023-09-23 00:00:00,2023,9,US-2023-134733
2023-09-24 00:00:00,2023,9,US-2023-123344
2023-09-25 00:00:00,2023,9,US-2023-112914
2023-09-26 00:00:00,2023,9,US-2023-132451
2023-09-27 00:00:00,2023,9,US-2023-133130
2023-09-28 00:00:00,2023,9,US-2023-114335
2023-09-29 00:00:00,2023,9,US-2023-124856
2023-09-30 00:00:00,2023,9,US-2023-159478
2023-10-01 00:00:00,2023,10,US-2023-132745
2023-10-02 00:00:00,2023,10,US-2023-108189
2023-10-03 00:00:00,2023,10,US-2023-157882
2023-10-04 00:00:00,2023,10,US-2023-166891
2023-10-05 00:00:00,2023,10,US-2023-152422
2023-10-06 00:00:00,2023,10,US-2023-132542
2023-10-07 00:00:00,2023,10,US-2023-117429
2023-10-08 00:00:00,2023,10,US-2023-119977
2023-10-09 00:00:00,2023,10,US-2023-138240
2023-10-10 00:00:00,2023,10,US-2023-140403
2023-10-11 00:00:00,2023,10,US-2023-157924
2023-10-12 00:00:00,2023,10,US-2023-139451
2023-10-13 00:00:00,2023,10,US-2023-164742
2023-10-14 00:00:00,2023,10,US-2023-151330
2023-10-15 00:00:00,2023,10,US-2023-122021
2023-10-16 00:00:00,2023,10,US-2023-109456
2023-10-17 00:00:00,2023,10,US-2023-103086
2023-10-18 00:00:00,2023,10,US-2023-110408
2023-10-19 00:00:00,2023,10,US-2023-155264
2023-10-20 00:00:00,2023,10,US-2023-169684
2023-10-21 00:00:00,2023,10,US-2023-142587
2023-10-22 00:00:00,2023,10,US-2023-151967
2023-10-24 00:00:00,2023,10,US-2023-130729
2023-10-25 00:00:00,2023,10,US-2023-139542
2023-10-26 00:00:00,2023,10,US-2023-162278
2023-10-27 00:00:00,2023,10,US-2023-148285
2023-10-28 00:00:00,2023,10,US-2023-101931
2023-10-29 00:00:00,2023,10,US-2023-166590
2023-10-31 00:00:00,2023,10,US-2023-145387
2023-11-01 00:00:00,2023,11,US-2023-114195
2023-11-02 00:00:00,2023,11,US-2023-107454
2023-11-03 00:00:00,2023,11,US-2023-165764
2023-11-04 00:00:00,2023,11,US-2023-164973
2023-11-05 00:00:00,2023,11,US-2023-114377
2023-11-06 00:00:00,2023,11,US-2023-120950
2023-11-07 00:00:00,2023,11,US-2023-159310
2023-11-08 00:00:00,2023,11,US-2023-126340
2023-11-09 00:00:00,2023,11,US-2023-144666
2023-11-10 00:00:00,2023,11,US-2023-121006
2023-11-11 00:00:00,2023,11,US-2023-155796
2023-11-12 00:00:00,2023,11,US-2023-159618
2023-11-14 00:00:00,2023,11,US-2023-166989
2023-11-15 00:00:00,2023,11,US-2023-127558
2023-11-16 00:00:00,2023,11,US-2023-119144
2023-11-17 00:00:00,2023,11,US-2023-128209
2023-11-18 00:00:00,2023,11,US-2023-163468
2023-11-19 00:00:00,2023,11,US-2023-123183
2023-11-20 00:00:00,2023,11,US-2023-140396
2023-11-21 00:00:00,2023,11,US-2023-102274
2023-11-22 00:00:00,2023,11,US-2023-129091
2023-11-23 00:00:00,2023,11,US-2023-157385
2023-11-24 00:00:00,2023,11,US-2023-105984
2023-11-25 00:00:00,2023,11,US-2023-119151
2023-11-26 00:00:00,2023,11,US-2023-147606
2023-11-27 00:00:00,2023,11,US-2023-167486
2023-11-28 00:00:00,2023,11,US-2023-105249
2023-11-29 00:00:00,2023,11,US-2023-134712
2023-11-30 00:00:00,2023,11,US-2023-148425
2023-12-01 00:00:00,2023,12,US-2023-150798
2023-12-02 00:00:00,2023,12,US-2023-112158
2023-12-03 00:00:00,2023,12,US-2023-164861
2023-12-04 00:00:00,2023,12,US-2023-127187
2023-12-05 00:00:00,2023,12,US-2023-150203
2023-12-06 00:00:00,2023,12,US-2023-140452
2023-12-07 00:00:00,2023,12,US-2023-138737
2023-12-08 00:00:00,2023,12,US-2023-135608
2023-12-09 00:00:00,2023,12,US-2023-169649
2023-12-10 00:00:00,2023,12,US-2023-112991
2023-12-12 00:00:00,2023,12,US-2023-168494
2023-12-13 00:00:00,2023,12,US-2023-124079
2023-12-14 00:00:00,2023,12,US-2023-116568
2023-12-15 00:00:00,2023,12,US-2023-129938
2023-12-16 00:00:00,2023,12,US-2023-153913
2023-12-17 00:00:00,2023,12,US-2023-123925
2023-12-19 00:00:00,2023,12,US-2023-120768
2023-12-20 00:00:00,2023,12,US-2023-134551
2023-12-21 00:00:00,2023,12,US-2023-154893
2023-12-22 00:00:00,2023,12,US-2023-133543
2023-12-23 00:00:00,2023,12,US-2023-154158
2023-12-24 00:00:00,2023,12,US-2023-167738
2023-12-26 00:00:00,2023,12,US-2023-111451
2023-12-27 00:00:00,2023,12,US-2023-163447
2023-12-28 00:00:00,2023,12,US-2023-141313
2023-12-29 00:00:00,2023,12,US-2023-126802
2023-12-30 00:00:00,2023,12,US-2023-115189
2023-12-31 00:00:00,2023,12,US-2023-133592
2024-01-02 00:00:00,2024,1,US-2024-146262
2024-01-03 00:00:00,2024,1,US-2024-141243
2024-01-04 00:00:00,2024,1,US-2024-104241
2024-01-05 00:00:00,2024,1,US-2024-154970
2024-01-06 00:00:00,2024,1,US-2024-149636
2024-01-09 00:00:00,2024,1,US-2024-119480
2024-01-10 00:00:00,2024,1,US-2024-157154
2024-01-12 00:00:00,2024,1,US-2024-128608
2024-01-13 00:00:00,2024,1,US-2024-137526
2024-01-17 00:00:00,2024,1,US-2024-101399
2024-01-19 00:00:00,2024,1,US-2024-141250
2024-01-21 00:00:00,2024,1,CA-2024-115238
2024-01-23 00:00:00,2024,1,US-2024-119214
2024-01-24 00:00:00,2024,1,US-2024-128958
2024-01-26 00:00:00,2024,1,US-2024-109603
2024-01-27 00:00:00,2024,1,US-2024-168746
2024-01-28 00:00:00,2024,1,US-2024-116638
2024-01-30 00:00:00,2024,1,US-2024-121797
2024-01-31 00:00:00,2024,1,US-2024-149587
2024-02-03 00:00:00,2024,2,US-2024-127327
2024-02-06 00:00:00,2024,2,US-2024-156482
2024-02-07 00:00:00,2024,2,US-2024-147529
2024-02-08 00:00:00,2024,2,US-2024-130491
2024-02-09 00:00:00,2024,2,US-2024-146038
2024-02-10 00:00:00,2024,2,US-2024-101126
2024-02-14 00:00:00,2024,2,US-2024-147662
2024-02-15 00:00:00,2024,2,US-2024-116092
2024-02-16 00:00:00,2024,2,US-2024-121776
2024-02-18 00:00:00,2024,2,US-2024-105725
2024-02-20 00:00:00,2024,2,US-2024-152611
2024-02-21 00:00:00,2024,2,US-2024-162782
2024-02-22 00:00:00,2024,2,US-2024-132374
2024-02-23 00:00:00,2024,2,US-2024-132276
2024-02-25 00:00:00,2024,2,US-2024-154900
2024-02-27 00:00:00,2024,2,US-2024-104129
2024-02-28 00:00:00,2024,2,US-2024-145436
2024-03-01 00:00:00,2024,3,US-2024-133585
2024-03-02 00:00:00,2024,3,US-2024-110457
2024-03-05 00:00:00,2024,3,US-2024-109512
2024-03-06 00:00:00,2024,3,US-2024-142944
2024-03-07 00:00:00,2024,3,US-2024-146255
2024-03-08 00:00:00,2024,3,US-2024-105627
2024-03-09 00:00:00,2024,3,US-2024-110345
2024-03-10 00:00:00,2024,3,US-2024-146829
2024-03-12 00:00:00,2024,3,US-2024-128083
2024-03-13 00:00:00,2024,3,US-2024-114237
2024-03-14 00:00:00,2024,3,US-2024-163587
2024-03-15 00:00:00,2024,3,US-2024-155124
2024-03-16 00:00:00,2024,3,US-2024-144722
2024-03-17 00:00:00,2024,3,US-2024-110632
2024-03-19 00:00:00,2024,3,US-2024-168088
2024-03-20 00:00:00,2024,3,US-2024-127607
2024-03-21 00:00:00,2024,3,US-2024-120621
2024-03-22 00:00:00,2024,3,US-2024-163279
2024-03-23 00:00:00,2024,3,US-2024-125374
2024-03-24 00:00:00,2024,3,US-2024-118423
2024-03-26 00:00:00,2024,3,US-2024-164301
2024-03-27 00:00:00,2024,3,US-2024-132948
2024-03-28 00:00:00,2024,3,US-2024-133536
2024-03-29 00:00:00,2024,3,US-2024-153549
2024-03-30 00:00:00,2024,3,US-2024-104871
2024-03-31 00:00:00,2024,3,US-2024-128125
2024-04-02 00:00:00,2024,4,US-2024-122140
2024-04-04 00:00:00,2024,4,US-2024-110667
2024-04-05 00:00:00,2024,4,US-2024-167010
2024-04-06 00:00:00,2024,4,US-2024-124541
2024-04-07 00:00:00,2024,4,US-2024-140025
2024-04-09 00:00:00,2024,4,US-2024-142027
2024-04-10 00:00:00,2024,4,US-2024-134201
2024-04-11 00:00:00,2024,4,US-2024-125563
2024-04-12 00:00:00,2024,4,US-2024-145415
2024-04-13 00:00:00,2024,4,US-2024-120502
2024-04-14 00:00:00,2024,4,US-2024-116841
2024-04-16 00:00:00,2024,4,US-2024-137974
2024-04-17 00:00:00,2024,4,US-2024-155306
2024-04-18 00:00:00,2024,4,US-2024-163433
2024-04-19 00:00:00,2024,4,US-2024-155369
2024-04-20 00:00:00,2024,4,US-2024-149342
2024-04-21 00:00:00,2024,4,US-2024-107678
2024-04-22 00:00:00,2024,4,US-2024-151253
2024-04-24 00:00:00,2024,4,US-2024-118227
2024-04-25 00:00:00,2024,4,US-2024-130365
2024-04-26 00:00:00,2024,4,US-2024-134026
2024-04-27 00:00:00,2024,4,US-2024-124450
2024-04-28 00:00:00,2024,4,US-2024-130792
2024-04-29 00:00:00,2024,4,US-2024-157434
2024-04-30 00:00:00,2024,4,US-2024-164175
2024-05-01 00:00:00,2024,5,US-2024-161998
2024-05-02 00:00:00,2024,5,US-2024-116687
2024-05-03 00:00:00,2024,5,US-2024-112130
2024-05-04 00:00:00,2024,5,US-2024-129700
2024-05-07 00:00:00,2024,5,US-2024-137512
2024-05-08 00:00:00,2024,5,US-2024-160857
2024-05-09 00:00:00,2024,5,US-2024-155635
2024-05-10 00:00:00,2024,5,US-2024-129217
2024-05-11 00:00:00,2024,5,US-2024-135727
2024-05-12 00:00:00,2024,5,US-2024-131856
2024-05-13 00:00:00,2024,5,US-2024-145835
2024-05-14 00:00:00,2024,5,US-2024-100146
2024-05-15 00:00:00,2024,5,US-2024-166604
2024-05-16 00:00:00,2024,5,US-2024-100769
2024-05-17 00:00:00,2024,5,US-2024-117184
2024-05-18 00:00:00,2024,5,US-2024-165554
2024-05-20 00:00:00,2024,5,US-2024-153535
2024-05-21 00:00:00,2024,5,US-2024-168914
2024-05-22 00:00:00,2024,5,US-2024-149846
2024-05-23 00:00:00,2024,5,US-2024-136805
2024-05-24 00:00:00,2024,5,US-2024-165512
2024-05-25 00:00:00,2024,5,US-2024-141768
2024-05-26 00:00:00,2024,5,US-2024-143147
2024-05-28 00:00:00,2024,5,US-2024-131758
2024-05-29 00:00:00,2024,5,US-2024-111339
2024-05-30 00:00:00,2024,5,US-2024-103177
2024-05-31 00:00:00,2024,5,US-2024-147788
2024-06-01 00:00:00,2024,6,US-2024-163685
2024-06-04 00:00:00,2024,6,US-2024-142020
2024-06-05 00:00:00,2024,6,US-2024-166947
2024-06-07 00:00:00,2024,6,US-2024-157343
2024-06-08 00:00:00,2024,6,US-2024-162201
2024-06-09 00:00:00,2024,6,US-2024-141012
2024-06-11 00:00:00,2024,6,US-2024-121720
2024-06-12 00:00:00,2024,6,US-2024-139850
2024-06-13 00:00:00,2024,6,US-2024-104059
2024-06-14 00:00:00,2024,6,US-2024-120439
2024-06-15 00:00:00,2024,6,US-2024-129896
2024-06-16 00:00:00,2024,6,US-2024-118955
2024-06-18 00:00:00,2024,6,US-2024-156734
2024-06-19 00:00:00,2024,6,US-2024-121965
2024-06-20 00:00:00,2024,6,US-2024-140144
2024-06-21 00:00:00,2024,6,US-2024-123330
2024-06-22 00:00:00,2024,6,US-2024-124975
2024-06-23 00:00:00,2024,6,US-2024-106187
2024-06-25 00:00:00,2024,6,US-2024-137750
2024-06-26 00:00:00,2024,6,US-2024-115938
2024-06-28 00:00:00,2024,6,US-2024-162950
2024-06-29 00:00:00,2024,6,US-2024-165799
2024-07-02 00:00:00,2024,7,US-2024-157322
2024-07-03 00:00:00,2024,7,US-2024-128139
2024-07-04 00:00:00,2024,7,US-2024-124268
2024-07-05 00:00:00,2024,7,US-2024-116750
2024-07-06 00:00:00,2024,7,US-2024-146087
2024-07-08 00:00:00,2024,7,US-2024-129392
2024-07-09 00:00:00,2024,7,US-2024-132626
2024-07-10 00:00:00,2024,7,US-2024-149384
2024-07-11 00:00:00,2024,7,US-2024-142237
2024-07-12 00:00:00,2024,7,US-2024-126557
2024-07-13 00:00:00,2024,7,US-2024-114069
2024-07-14 00:00:00,2024,7,US-2024-143364
2024-07-16 00:00:00,2024,7,US-2024-113404
2024-07-17 00:00:00,2024,7,US-2024-138534
2024-07-18 00:00:00,2024,7,US-2024-122973
2024-07-19 00:00:00,2024,7,US-2024-160150
2024-07-20 00:00:00,2024,7,US-2024-122784
2024-07-23 00:00:00,2024,7,US-2024-120810
2024-07-24 00:00:00,2024,7,US-2024-103135
2024-07-25 00:00:00,2024,7,US-2024-148635
2024-07-26 00:00:00,2024,7,US-2024-127754
2024-07-27 00:00:00,2024,7,US-2024-129553
2024-07-30 00:00:00,2024,7,US-2024-164966
2024-07-31 00:00:00,2024,7,US-2024-124891
2024-08-01 00:00:00,2024,8,US-2024-153388
2024-08-02 00:00:00,2024,8,US-2024-122406
2024-08-05 00:00:00,2024,8,US-2024-112214
2024-08-06 00:00:00,2024,8,US-2024-135251
2024-08-07 00:00:00,2024,8,US-2024-124219
2024-08-08 00:00:00,2024,8,US-2024-168564
2024-08-09 00:00:00,2024,8,US-2024-103954
2024-08-10 00:00:00,2024,8,US-2024-156496
2024-08-11 00:00:00,2024,8,US-2024-119634
2024-08-13 00:00:00,2024,8,US-2024-148495
2024-08-15 00:00:00,2024,8,US-2024-142454
2024-08-16 00:00:00,2024,8,US-2024-164238
2024-08-17 00:00:00,2024,8,US-2024-119627
2024-08-21 00:00:00,2024,8,US-2024-130456
2024-08-22 00:00:00,2024,8,US-2024-129854
2024-08-23 00:00:00,2024,8,US-2024-114468
2024-08-24 00:00:00,2024,8,US-2024-113740
2024-08-25 00:00:00,2024,8,US-2024-139759
2024-08-27 00:00:00,2024,8,US-2024-113040
2024-08-28 00:00:00,2024,8,US-2024-121188
2024-08-29 00:00:00,2024,8,US-2024-108532
2024-08-31 00:00:00,2024,8,US-2024-111514
2024-09-01 00:00:00,2024,9,US-2024-104626
2024-09-03 00:00:00,2024,9,US-2024-146745
2024-09-04 00:00:00,2024,9,US-2024-101924
2024-09-05 00:00:00,2024,9,US-2024-130785
2024-09-06 00:00:00,2024,9,US-2024-150791
2024-09-07 00:00:00,2024,9,US-2024-122623
2024-09-08 00:00:00,2024,9,US-2024-151624
2024-09-10 00:00:00,2024,9,US-2024-147242
2024-09-11 00:00:00,2024,9,US-2024-126186
2024-09-12 00:00:00,2024,9,US-2024-102016
2024-09-13 00:00:00,2024,9,US-2024-115567
2024-09-14 00:00:00,2024,9,US-2024-131597
2024-09-15 00:00:00,2024,9,US-2024-105102
2024-09-16 00:00:00,2024,9,US-2024-167696
2024-09-17 00:00:00,2024,9,US-2024-126977
2024-09-18 00:00:00,2024,9,US-2024-167745
2024-09-19 00:00:00,2024,9,US-2024-115847
2024-09-20 00:00:00,2024,9,US-2024-126970
2024-09-21 00:00:00,2024,9,US-2024-168480
2024-09-22 00:00:00,2024,9,US-2024-134992
2024-09-24 00:00:00,2024,9,US-2024-153381
2024-09-25 00:00:00,2024,9,US-2024-151869
2024-09-26 00:00:00,2024,9,US-2024-124800
2024-09-27 00:00:00,2024,9,US-2024-100531
2024-09-28 00:00:00,2024,9,US-2024-169201
2024-10-01 00:00:00,2024,10,US-2024-115392
2024-10-02 00:00:00,2024,10,US-2024-144771
2024-10-03 00:00:00,2024,10,US-2024-157014
2024-10-04 00:00:00,2024,10,US-2024-168004
2024-10-05 00:00:00,2024,10,US-2024-133445
2024-10-08 00:00:00,2024,10,US-2024-168529
2024-10-09 00:00:00,2024,10,US-2024-124499
2024-10-10 00:00:00,2024,10,US-2024-132388
2024-10-11 00:00:00,2024,10,US-2024-108966
2024-10-12 00:00:00,2024,10,US-2024-102281
2024-10-13 00:00:00,2024,10,US-2024-114300
2024-10-15 00:00:00,2024,10,US-2024-139731
2024-10-16 00:00:00,2024,10,US-2024-110765
2024-10-17 00:00:00,2024,10,US-2024-152527
2024-10-18 00:00:00,2024,10,US-2024-127824
2024-10-19 00:00:00,2024,10,US-2024-160171
2024-10-20 00:00:00,2024,10,US-2024-160563
2024-10-22 00:00:00,2024,10,US-2024-104430
2024-10-23 00:00:00,2024,10,US-2024-132486
2024-10-24 00:00:00,2024,10,US-2024-149650
2024-10-25 00:00:00,2024,10,US-2024-130848
2024-10-26 00:00:00,2024,10,US-2024-150714
2024-10-28 00:00:00,2024,10,US-2024-162537
2024-10-29 00:00:00,2024,10,US-2024-110289
2024-10-30 00:00:00,2024,10,US-2024-131359
2024-10-31 00:00:00,2024,10,US-2024-164882
2024-11-01 00:00:00,2024,11,US-2024-126739
2024-11-02 00:00:00,2024,11,US-2024-168207
2024-11-03 00:00:00,2024,11,US-2024-162047
2024-11-05 00:00:00,2024,11,US-2024-131422
2024-11-06 00:00:00,2024,11,US-2024-105312
2024-11-07 00:00:00,2024,11,US-2024-102848
2024-11-08 00:00:00,2024,11,US-2024-117086
2024-11-09 00:00:00,2024,11,US-2024-127509
2024-11-10 00:00:00,2024,11,US-2024-121783
2024-11-11 00:00:00,2024,11,US-2024-111948
2024-11-12 00:00:00,2024,11,US-2024-113628
2024-11-13 00:00:00,2024,11,US-2024-130183
2024-11-14 00:00:00,2024,11,US-2024-123141
2024-11-15 00:00:00,2024,11,US-2024-145324
2024-11-16 00:00:00,2024,11,US-2024-135685
2024-11-17 00:00:00,2024,11,US-2024-126725
2024-11-19 00:00:00,2024,11,US-2024-151680
2024-11-20 00:00:00,2024,11,US-2024-163965
2024-11-21 00:00:00,2024,11,US-2024-115511
2024-11-22 00:00:00,2024,11,US-2024-139094
2024-11-23 00:00:00,2024,11,US-2024-123113
2024-11-24 00:00:00,2024,11,US-2024-135545
2024-11-25 00:00:00,2024,11,US-2024-164357
2024-11-26 00:00:00,2024,11,US-2024-166975
2024-11-27 00:00:00,2024,11,US-2024-130974
2024-11-28 00:00:00,2024,11,US-2024-161711
2024-11-29 00:00:00,2024,11,US-2024-110016
2024-11-30 00:00:00,2024,11,US-2024-137925
2024-12-01 00:00:00,2024,12,US-2024-137113
2024-12-02 00:00:00,2024,12,CA-2024-112224
2024-12-03 00:00:00,2024,12,US-2024-145422
2024-12-04 00:00:00,2024,12,US-2024-161718
2024-12-05 00:00:00,2024,12,US-2024-110814
2024-12-06 00:00:00,2024,12,US-2024-131884
2024-12-07 00:00:00,2024,12,US-2024-134894
2024-12-08 00:00:00,2024,12,US-2024-135622
2024-12-09 00:00:00,2024,12,US-2024-157035
2024-12-10 00:00:00,2024,12,US-2024-138093
2024-12-11 00:00:00,2024,12,US-2024-104346
2024-12-12 00:00:00,2024,12,US-2024-154620
2024-12-13 00:00:00,2024,12,US-2024-148250
2024-12-14 00:00:00,2024,12,US-2024-130253
2024-12-15 00:00:00,2024,12,US-2024-147830
2024-12-16 00:00:00,2024,12,US-2024-162544
2024-12-17 00:00:00,2024,12,US-2024-138121
2024-12-18 00:00:00,2024,12,US-2024-153038
2024-12-19 00:00:00,2024,12,US-2024-134558
2024-12-20 00:00:00,2024,12,US-2024-123218
2024-12-21 00:00:00,2024,12,US-2024-154284
2024-12-22 00:00:00,2024,12,US-2024-157287
2024-12-23 00:00:00,2024,12,US-2024-117828
2024-12-24 00:00:00,2024,12,US-2024-103471
2024-12-25 00:00:00,2024,12,US-2024-113152
2024-12-26 00:00:00,2024,12,US-2024-119550
2024-12-27 00:00:00,2024,12,US-2024-117415
2024-12-28 00:00:00,2024,12,US-2024-148859
2024-12-29 00:00:00,2024,12,US-2024-130855
2024-12-30 00:00:00,2024,12,US-2024-135580
2024-12-31 00:00:00,2024,12,US-2024-156377
2025-01-02 00:00:00,2025,1,US-2025-160304
2025-01-03 00:00:00,2025,1,US-2025-105207
2025-01-04 00:00:00,2025,1,US-2025-158211
2025-01-05 00:00:00,2025,1,US-2025-134474
2025-01-07 00:00:00,2025,1,US-2025-158806
2025-01-08 00:00:00,2025,1,US-2025-100461
2025-01-09 00:00:00,2025,1,US-2025-126543
2025-01-10 00:00:00,2025,1,US-2025-163937
2025-01-11 00:00:00,2025,1,US-2025-141887
2025-01-14 00:00:00,2025,1,US-2025-133368
2025-01-15 00:00:00,2025,1,US-2025-140746
2025-01-16 00:00:00,2025,1,US-2025-121755
2025-01-17 00:00:00,2025,1,US-2025-116736
2025-01-21 00:00:00,2025,1,US-2025-167339
2025-01-22 00:00:00,2025,1,US-2025-135923
2025-01-23 00:00:00,2025,1,US-2025-113656
2025-01-24 00:00:00,2025,1,US-2025-109407
2025-01-25 00:00:00,2025,1,US-2025-168046
2025-01-28 00:00:00,2025,1,US-2025-146437
2025-01-30 00:00:00,2025,1,US-2025-166660
2025-01-31 00:00:00,2025,1,US-2025-159891
2025-02-01 00:00:00,2025,2,US-2025-154067
2025-02-02 00:00:00,2025,2,US-2025-158841
2025-02-03 00:00:00,2025,2,US-2025-118514
2025-02-04 00:00:00,2025,2,US-2025-117912
2025-02-05 00:00:00,2025,2,US-2025-108504
2025-02-06 00:00:00,2025,2,US-2025-125017
2025-02-07 00:00:00,2025,2,US-2025-106894
2025-02-08 00:00:00,2025,2,US-2025-163048
2025-02-09 00:00:00,2025,2,US-2025-112396
2025-02-11 00:00:00,2025,2,US-2025-164938
2025-02-12 00:00:00,2025,2,US-2025-110492
2025-02-13 00:00:00,2025,2,US-2025-112942
2025-02-14 00:00:00,2025,2,US-2025-134334
2025-02-15 00:00:00,2025,2,US-2025-162859
2025-02-16 00:00:00,2025,2,US-2025-134138
2025-02-19 00:00:00,2025,2,US-2025-123274
2025-02-20 00:00:00,2025,2,US-2025-166485
2025-02-21 00:00:00,2025,2,US-2025-168410
2025-02-22 00:00:00,2025,2,US-2025-119025
2025-02-23 00:00:00,2025,2,US-2025-144400
2025-02-25 00:00:00,2025,2,US-2025-165015
2025-02-27 00:00:00,2025,2,US-2025-128706
2025-02-28 00:00:00,2025,2,US-2025-111283
2025-03-01 00:00:00,2025,3,US-2025-143819
2025-03-03 00:00:00,2025,3,US-2025-116799
2025-03-04 00:00:00,2025,3,US-2025-154053
2025-03-05 00:00:00,2025,3,US-2025-165218
2025-03-06 00:00:00,2025,3,US-2025-110898
2025-03-07 00:00:00,2025,3,US-2025-137547
2025-03-08 00:00:00,2025,3,US-2025-137337
2025-03-09 00:00:00,2025,3,US-2025-153269
2025-03-10 00:00:00,2025,3,US-2025-112977
2025-03-11 00:00:00,2025,3,US-2025-122511
2025-03-12 00:00:00,2025,3,US-2025-127138
2025-03-13 00:00:00,2025,3,US-2025-114013
2025-03-14 00:00:00,2025,3,US-2025-162082
2025-03-15 00:00:00,2025,3,US-2025-138968
2025-03-17 00:00:00,2025,3,US-2025-131737
2025-03-18 00:00:00,2025,3,US-2025-120929
2025-03-19 00:00:00,2025,3,US-2025-106383
2025-03-20 00:00:00,2025,3,US-2025-162747
2025-03-21 00:00:00,2025,3,US-2025-133879
2025-03-22 00:00:00,2025,3,US-2025-118899
2025-03-24 00:00:00,2025,3,US-2025-130911
2025-03-25 00:00:00,2025,3,US-2025-120082
2025-03-26 00:00:00,2025,3,US-2025-161361
2025-03-27 00:00:00,2025,3,US-2025-119074
2025-03-28 00:00:00,2025,3,US-2025-131380
2025-03-29 00:00:00,2025,3,US-2025-127236
2025-03-30 00:00:00,2025,3,US-2025-128258
2025-03-31 00:00:00,2025,3,US-2025-124100
2025-04-01 00:00:00,2025,4,US-2025-111213
2025-04-02 00:00:00,2025,4,US-2025-123540
2025-04-03 00:00:00,2025,4,US-2025-167682
2025-04-04 00:00:00,2025,4,US-2025-123050
2025-04-05 00:00:00,2025,4,US-2025-159695
2025-04-06 00:00:00,2025,4,US-2025-150140
2025-04-07 00:00:00,2025,4,US-2025-120530
2025-04-08 00:00:00,2025,4,US-2025-106600
2025-04-09 00:00:00,2025,4,US-2025-117681
2025-04-10 00:00:00,2025,4,US-2025-123358
2025-04-12 00:00:00,2025,4,US-2025-163594
2025-04-13 00:00:00,2025,4,US-2025-152800
2025-04-14 00:00:00,2025,4,US-2025-112669
2025-04-15 00:00:00,2025,4,US-2025-136406
2025-04-16 00:00:00,2025,4,US-2025-107440
2025-04-17 00:00:00,2025,4,US-2025-108735
2025-04-18 00:00:00,2025,4,US-2025-125087
2025-04-19 00:00:00,2025,4,US-2025-161396
2025-04-21 00:00:00,2025,4,US-2025-103646
2025-04-22 00:00:00,2025,4,US-2025-109869
2025-04-23 00:00:00,2025,4,US-2025-126270
2025-04-24 00:00:00,2025,4,US-2025-149279
2025-04-25 00:00:00,2025,4,US-2025-150147
2025-04-26 00:00:00,2025,4,US-2025-139556
2025-04-28 00:00:00,2025,4,US-2025-137204
2025-04-30 00:00:00,2025,4,US-2025-144792
2025-05-01 00:00:00,2025,5,US-2025-164784
2025-05-02 00:00:00,2025,5,US-2025-154060
2025-05-03 00:00:00,2025,5,US-2025-129280
2025-05-05 00:00:00,2025,5,US-2025-147991
2025-05-06 00:00:00,2025,5,US-2025-137393
2025-05-07 00:00:00,2025,5,US-2025-128818
2025-05-08 00:00:00,2025,5,US-2025-164672
2025-05-09 00:00:00,2025,5,US-2025-144057
2025-05-10 00:00:00,2025,5,US-2025-117625
2025-05-11 00:00:00,2025,5,US-2025-162733
2025-05-12 00:00:00,2025,5,US-2025-100510
2025-05-14 00:00:00,2025,5,US-2025-148901
2025-05-15 00:00:00,2025,5,US-2025-146570
2025-05-16 00:00:00,2025,5,US-2025-130638
2025-05-17 00:00:00,2025,5,US-2025-158435
2025-05-18 00:00:00,2025,5,US-2025-122728
2025-05-19 00:00:00,2025,5,US-2025-157245
2025-05-20 00:00:00,2025,5,US-2025-115917
2025-05-21 00:00:00,2025,5,US-2025-114209
2025-05-22 00:00:00,2025,5,US-2025-146934
2025-05-23 00:00:00,2025,5,US-2025-142762
2025-05-24 00:00:00,2025,5,US-2025-138583
2025-05-25 00:00:00,2025,5,US-2025-139269
2025-05-26 00:00:00,2025,5,US-2025-119186
2025-05-27 00:00:00,2025,5,US-2025-122903
2025-05-28 00:00:00,2025,5,US-2025-138695
2025-05-29 00:00:00,2025,5,US-2025-156573
2025-05-30 00:00:00,2025,5,US-2025-105578
2025-05-31 00:00:00,2025,5,US-2025-150483
2025-06-02 00:00:00,2025,6,US-2025-119046
2025-06-03 00:00:00,2025,6,US-2025-164889
2025-06-04 00:00:00,2025,6,US-2025-165848
2025-06-05 00:00:00,2025,6,US-2025-110982
2025-06-06 00:00:00,2025,6,US-2025-112830
2025-06-07 00:00:00,2025,6,US-2025-103163
2025-06-09 00:00:00,2025,6,US-2025-122448
2025-06-10 00:00:00,2025,6,US-2025-113243
2025-06-11 00:00:00,2025,6,US-2025-169922
2025-06-12 00:00:00,2025,6,US-2025-120824
2025-06-13 00:00:00,2025,6,US-2025-126795
2025-06-14 00:00:00,2025,6,US-2025-108497
2025-06-15 00:00:00,2025,6,US-2025-152765
2025-06-16 00:00:00,2025,6,US-2025-137127
2025-06-17 00:00:00,2025,6,US-2025-123512
2025-06-18 00:00:00,2025,6,US-2025-131744
2025-06-19 00:00:00,2025,6,US-2025-105760
2025-06-20 00:00:00,2025,6,US-2025-141397
2025-06-21 00:00:00,2025,6,US-2025-119865
2025-06-23 00:00:00,2025,6,US-2025-140501
2025-06-24 00:00:00,2025,6,US-2025-100300
2025-06-25 00:00:00,2025,6,US-2025-101693
2025-06-26 00:00:00,2025,6,US-2025-114951
2025-06-27 00:00:00,2025,6,US-2025-153577
2025-06-28 00:00:00,2025,6,US-2025-154767
2025-06-29 00:00:00,2025,6,US-2025-140543
2025-06-30 00:00:00,2025,6,US-2025-162355
2025-07-01 00:00:00,2025,7,US-2025-158680
2025-07-02 00:00:00,2025,7,US-2025-102813
2025-07-03 00:00:00,2025,7,US-2025-168543
2025-07-04 00:00:00,2025,7,US-2025-147137
2025-07-07 00:00:00,2025,7,US-2025-159940
2025-07-08 00:00:00,2025,7,US-2025-112109
2025-07-09 00:00:00,2025,7,US-2025-136329
2025-07-10 00:00:00,2025,7,US-2025-131149
2025-07-12 00:00:00,2025,7,US-2025-103891
2025-07-14 00:00:00,2025,7,US-2025-137050
2025-07-15 00:00:00,2025,7,US-2025-168095
2025-07-16 00:00:00,2025,7,US-2025-130050
2025-07-17 00:00:00,2025,7,US-2025-139087
2025-07-18 00:00:00,2025,7,US-2025-157763
2025-07-19 00:00:00,2025,7,US-2025-163776
2025-07-20 00:00:00,2025,7,US-2025-137939
2025-07-21 00:00:00,2025,7,US-2025-142895
2025-07-22 00:00:00,2025,7,US-2025-114307
2025-07-23 00:00:00,2025,7,US-2025-165316
2025-07-24 00:00:00,2025,7,US-2025-162943
2025-07-25 00:00:00,2025,7,US-2025-126158
2025-07-28 00:00:00,2025,7,US-2025-107783
2025-07-29 00:00:00,2025,7,US-2025-131891
2025-07-30 00:00:00,2025,7,US-2025-112585
2025-07-31 00:00:00,2025,7,US-2025-133550
2025-08-01 00:00:00,2025,8,US-2025-132990
2025-08-02 00:00:00,2025,8,US-2025-156265
2025-08-03 00:00:00,2025,8,US-2025-104150
2025-08-04 00:00:00,2025,8,US-2025-110254
2025-08-05 00:00:00,2025,8,US-2025-102232
2025-08-06 00:00:00,2025,8,US-2025-105263
2025-08-07 00:00:00,2025,8,US-2025-148516
2025-08-08 00:00:00,2025,8,US-2025-107328
2025-08-09 00:00:00,2025,8,US-2025-113649
2025-08-11 00:00:00,2025,8,US-2025-128671
2025-08-12 00:00:00,2025,8,US-2025-143910
2025-08-13 00:00:00,2025,8,US-2025-156251
2025-08-14 00:00:00,2025,8,US-2025-136021
2025-08-15 00:00:00,2025,8,US-2025-154690
2025-08-16 00:00:00,2025,8,US-2025-148096
2025-08-17 00:00:00,2025,8,US-2025-157308
2025-08-18 00:00:00,2025,8,US-2025-128916
2025-08-19 00:00:00,2025,8,US-2025-101980
2025-08-20 00:00:00,2025,8,US-2025-151141
2025-08-21 00:00:00,2025,8,US-2025-122581
2025-08-22 00:00:00,2025,8,US-2025-141880
2025-08-23 00:00:00,2025,8,US-2025-150350
2025-08-26 00:00:00,2025,8,US-2025-128594
2025-08-27 00:00:00,2025,8,US-2025-145982
2025-08-28 00:00:00,2025,8,US-2025-145303
2025-08-29 00:00:00,2025,8,US-2025-159912
2025-08-30 00:00:00,2025,8,US-2025-141544
2025-08-31 00:00:00,2025,8,US-2025-117408
2025-09-01 00:00:00,2025,9,US-2025-151561
2025-09-02 00:00:00,2025,9,US-2025-106278
2025-09-03 00:00:00,2025,9,US-2025-147711
2025-09-04 00:00:00,2025,9,US-2025-129630
2025-09-05 00:00:00,2025,9,US-2025-158778
2025-09-06 00:00:00,2025,9,US-2025-102981
2025-09-08 00:00:00,2025,9,US-2025-114174
2025-09-09 00:00:00,2025,9,US-2025-137176
2025-09-10 00:00:00,2025,9,US-2025-146206
2025-09-11 00:00:00,2025,9,US-2025-143476
2025-09-12 00:00:00,2025,9,US-2025-123946
2025-09-13 00:00:00,2025,9,US-2025-105732
2025-09-14 00:00:00,2025,9,US-2025-153178
2025-09-15 00:00:00,2025,9,US-2025-116911
2025-09-16 00:00:00,2025,9,US-2025-123337
2025-09-17 00:00:00,2025,9,US-2025-159730
2025-09-18 00:00:00,2025,9,US-2025-133935
2025-09-19 00:00:00,2025,9,US-2025-156097
2025-09-20 00:00:00,2025,9,US-2025-166772
2025-09-22 00:00:00,2025,9,US-2025-125724
2025-09-23 00:00:00,2025,9,US-2025-149979
2025-09-24 00:00:00,2025,9,US-2025-100944
2025-09-25 00:00:00,2025,9,US-2025-148747
2025-09-26 00:00:00,2025,9,US-2025-146794
2025-09-27 00:00:00,2025,9,US-2025-110170
2025-09-28 00:00:00,2025,9,US-2025-134656
2025-09-29 00:00:00,2025,9,US-2025-161781
2025-09-30 00:00:00,2025,9,US-2025-106243
2025-10-01 00:00:00,2025,10,US-2025-157686
2025-10-02 00:00:00,2025,10,US-2025-134376
2025-10-03 00:00:00,2025,10,US-2025-144939
2025-10-04 00:00:00,2025,10,US-2025-145709
2025-10-06 00:00:00,2025,10,US-2025-157490
2025-10-07 00:00:00,2025,10,US-2025-162614
2025-10-08 00:00:00,2025,10,US-2025-126844
2025-10-09 00:00:00,2025,10,US-2025-114748
2025-10-10 00:00:00,2025,10,US-2025-157707
2025-10-11 00:00:00,2025,10,US-2025-113390
2025-10-13 00:00:00,2025,10,US-2025-100839
2025-10-14 00:00:00,2025,10,US-2025-156503
2025-10-15 00:00:00,2025,10,US-2025-142097
2025-10-16 00:00:00,2025,10,US-2025-132066
2025-10-17 00:00:00,2025,10,US-2025-152688
2025-10-18 00:00:00,2025,10,US-2025-159856
2025-10-19 00:00:00,2025,10,CA-2025-174514
2025-10-20 00:00:00,2025,10,US-2025-139549
2025-10-21 00:00:00,2025,10,US-2025-155516
2025-10-22 00:00:00,2025,10,US-2025-165148
2025-10-23 00:00:00,2025,10,US-2025-165484
2025-10-24 00:00:00,2025,10,US-2025-158925
2025-10-25 00:00:00,2025,10,US-2025-153318
2025-10-27 00:00:00,2025,10,US-2025-116596
2025-10-28 00:00:00,2025,10,US-2025-144344
2025-10-29 00:00:00,2025,10,US-2025-146682
2025-10-30 00:00:00,2025,10,US-2025-167290
2025-10-31 00:00:00,2025,10,US-2025-119165
2025-11-01 00:00:00,2025,11,US-2025-159212
2025-11-03 00:00:00,2025,11,US-2025-114972
2025-11-04 00:00:00,2025,11,US-2025-163328
2025-11-05 00:00:00,2025,11,US-2025-131611
2025-11-06 00:00:00,2025,11,US-2025-153815
2025-11-07 00:00:00,2025,11,US-2025-152247
2025-11-08 00:00:00,2025,11,US-2025-152156
2025-11-09 00:00:00,2025,11,US-2025-138233
2025-11-10 00:00:00,2025,11,US-2025-140935
2025-11-11 00:00:00,2025,11,US-2025-145548
2025-11-12 00:00:00,2025,11,US-2025-124590
2025-11-13 00:00:00,2025,11,US-2025-128972
2025-11-14 00:00:00,2025,11,US-2025-121370
2025-11-15 00:00:00,2025,11,US-2025-130820
2025-11-16 00:00:00,2025,11,US-2025-124527
2025-11-17 00:00:00,2025,11,US-2025-150658
2025-11-18 00:00:00,2025,11,US-2025-115378
2025-11-19 00:00:00,2025,11,US-2025-110156
2025-11-20 00:00:00,2025,11,US-2025-113845
2025-11-21 00:00:00,2025,11,US-2025-113425
2025-11-22 00:00:00,2025,11,US-2025-154711
2025-11-23 00:00:00,2025,11,US-2025-160129
2025-11-24 00:00:00,2025,11,US-2025-123533
2025-11-25 00:00:00,2025,11,US-2025-113341
2025-11-26 00:00:00,2025,11,US-2025-107104
2025-11-27 00:00:00,2025,11,US-2025-159639
2025-11-28 00:00:00,2025,11,US-2025-127243
2025-11-29 00:00:00,2025,11,US-2025-160241
2025-11-30 00:00:00,2025,11,US-2025-156748
2025-12-01 00:00:00,2025,12,US-2025-113621
2025-12-02 00:00:00,2025,12,US-2025-164770
2025-12-03 00:00:00,2025,12,US-2025-149762
2025-12-04 00:00:00,2025,12,US-2025-126004
2025-12-05 00:00:00,2025,12,US-2025-143749
2025-12-06 00:00:00,2025,12,US-2025-103674
2025-12-08 00:00:00,2025,12,US-2025-160108
2025-12-09 00:00:00,2025,12,US-2025-161844
2025-12-10 00:00:00,2025,12,US-2025-154739
2025-12-11 00:00:00,2025,12,US-2025-162187
2025-12-12 00:00:00,2025,12,US-2025-139395
2025-12-13 00:00:00,2025,12,US-2025-142958
2025-12-14 00:00:00,2025,12,US-2025-146325
2025-12-15 00:00:00,2025,12,US-2025-116442
2025-12-16 00:00:00,2025,12,US-2025-118332
2025-12-17 00:00:00,2025,12,US-2025-155530
2025-12-18 00:00:00,2025,12,US-2025-138597
2025-12-19 00:00:00,2025,12,US-2025-118129
2025-12-20 00:00:00,2025,12,US-2025-151155
2025-12-22 00:00:00,2025,12,US-2025-114860
2025-12-23 00:00:00,2025,12,US-2025-115574
2025-12-24 00:00:00,2025,12,US-2025-101651
2025-12-25 00:00:00,2025,12,US-2025-105081
2025-12-26 00:00:00,2025,12,US-2025-129868
2025-12-27 00:00:00,2025,12,US-2025-162852
2025-12-29 00:00:00,2025,12,US-2025-156300
2025-12-30 00:00:00,2025,12,US-2025-105746
2025-12-31 00:00:00,2025,12,US-2025-165953
2026-01-01 00:00:00,2026,1,US-2026-151750
2026-01-02 00:00:00,2026,1,US-2026-147207
2026-01-03 00:00:00,2026,1,US-2026-111738
2026-01-06 00:00:00,2026,1,US-2026-150931
2026-01-07 00:00:00,2026,1,US-2026-168690
2026-01-08 00:00:00,2026,1,US-2026-115154
2026-01-09 00:00:00,2026,1,US-2026-154760
2026-01-12 00:00:00,2026,1,US-2026-158512
2026-01-13 00:00:00,2026,1,US-2026-167402
2026-01-14 00:00:00,2026,1,US-2026-113278
2026-01-15 00:00:00,2026,1,US-2026-167752
2026-01-16 00:00:00,2026,1,US-2026-138289
2026-01-17 00:00:00,2026,1,CA-2026-121451
2026-01-19 00:00:00,2026,1,US-2026-153045
2026-01-20 00:00:00,2026,1,US-2026-157252
2026-01-21 00:00:00,2026,1,US-2026-131954
2026-01-22 00:00:00,2026,1,US-2026-152499
2026-01-23 00:00:00,2026,1,US-2026-145142
2026-01-24 00:00:00,2026,1,US-2026-104619
2026-01-26 00:00:00,2026,1,US-2026-105935
2026-01-27 00:00:00,2026,1,US-2026-117870
2026-01-28 00:00:00,2026,1,US-2026-115994
2026-01-29 00:00:00,2026,1,US-2026-160927
2026-01-30 00:00:00,2026,1,US-2026-112725
2026-02-02 00:00:00,2026,2,US-2026-128076
2026-02-03 00:00:00,2026,2,US-2026-127474
2026-02-04 00:00:00,2026,2,US-2026-169474
2026-02-05 00:00:00,2026,2,US-2026-107517
2026-02-06 00:00:00,2026,2,US-2026-115105
2026-02-09 00:00:00,2026,2,US-2026-118773
2026-02-10 00:00:00,2026,2,US-2026-124086
2026-02-11 00:00:00,2026,2,US-2026-131828
2026-02-13 00:00:00,2026,2,US-2026-104801
2026-02-16 00:00:00,2026,2,US-2026-163265
2026-02-17 00:00:00,2026,2,US-2026-159149
2026-02-18 00:00:00,2026,2,US-2026-164707
2026-02-19 00:00:00,2026,2,US-2026-134838
2026-02-20 00:00:00,2026,2,US-2026-135937
2026-02-21 00:00:00,2026,2,US-2026-124940
2026-02-23 00:00:00,2026,2,US-2026-136007
2026-02-24 00:00:00,2026,2,US-2026-111374
2026-02-25 00:00:00,2026,2,US-2026-134642
2026-02-26 00:00:00,2026,2,US-2026-117212
2026-02-28 00:00:00,2026,2,US-2026-101959
2026-03-02 00:00:00,2026,3,US-2026-104885
2026-03-03 00:00:00,2026,3,US-2026-111815
2026-03-04 00:00:00,2026,3,US-2026-119816
2026-03-05 00:00:00,2026,3,US-2026-161046
2026-03-06 00:00:00,2026,3,US-2026-168193
2026-03-07 00:00:00,2026,3,US-2026-110884
2026-03-08 00:00:00,2026,3,US-2026-155698
2026-03-09 00:00:00,2026,3,US-2026-147354
2026-03-10 00:00:00,2026,3,US-2026-144638
2026-03-11 00:00:00,2026,3,US-2026-133081
2026-03-12 00:00:00,2026,3,US-2026-152786
2026-03-13 00:00:00,2026,3,US-2026-157966
2026-03-14 00:00:00,2026,3,US-2026-114370
2026-03-16 00:00:00,2026,3,US-2026-161172
2026-03-17 00:00:00,2026,3,US-2026-140949
2026-03-18 00:00:00,2026,3,US-2026-119438
2026-03-19 00:00:00,2026,3,US-2026-124436
2026-03-20 00:00:00,2026,3,US-2026-154214
2026-03-21 00:00:00,2026,3,US-2026-119452
2026-03-23 00:00:00,2026,3,US-2026-155985
2026-03-24 00:00:00,2026,3,US-2026-122308
2026-03-25 00:00:00,2026,3,US-2026-155880
2026-03-26 00:00:00,2026,3,US-2026-121251
2026-03-27 00:00:00,2026,3,US-2026-144491
2026-03-28 00:00:00,2026,3,US-2026-147886
2026-03-29 00:00:00,2026,3,US-2026-126550
2026-03-30 00:00:00,2026,3,US-2026-126634
2026-03-31 00:00:00,2026,3,US-2026-154907
2026-04-01 00:00:00,2026,4,US-2026-149881
2026-04-02 00:00:00,2026,4,US-2026-123281
2026-04-03 00:00:00,2026,4,US-2026-131156
2026-04-04 00:00:00,2026,4,US-2026-140536
2026-04-06 00:00:00,2026,4,US-2026-161592
2026-04-07 00:00:00,2026,4,US-2026-100930
2026-04-08 00:00:00,2026,4,US-2026-157854
2026-04-09 00:00:00,2026,4,US-2026-135279
2026-04-10 00:00:00,2026,4,US-2026-115070
2026-04-11 00:00:00,2026,4,US-2026-130904
2026-04-12 00:00:00,2026,4,US-2026-122735
2026-04-13 00:00:00,2026,4,US-2026-135076
2026-04-14 00:00:00,2026,4,US-2026-126060
2026-04-15 00:00:00,2026,4,US-2026-118857
2026-04-16 00:00:00,2026,4,US-2026-108070
2026-04-17 00:00:00,2026,4,US-2026-128965
2026-04-20 00:00:00,2026,4,US-2026-100615
2026-04-21 00:00:00,2026,4,US-2026-128853
2026-04-22 00:00:00,2026,4,US-2026-135783
2026-04-23 00:00:00,2026,4,US-2026-132031
2026-04-24 00:00:00,2026,4,US-2026-149489
2026-04-25 00:00:00,2026,4,US-2026-159226
2026-04-26 00:00:00,2026,4,US-2026-160045
2026-04-27 00:00:00,2026,4,US-2026-135692
2026-04-28 00:00:00,2026,4,US-2026-120894
2026-04-29 00:00:00,2026,4,US-2026-164056
2026-04-30 00:00:00,2026,4,US-2026-137876
2026-05-01 00:00:00,2026,5,US-2026-110198
2026-05-02 00:00:00,2026,5,US-2026-123134
2026-05-03 00:00:00,2026,5,US-2026-132199
2026-05-04 00:00:00,2026,5,US-2026-162978
2026-05-05 00:00:00,2026,5,US-2026-105991
2026-05-06 00:00:00,2026,5,US-2026-133200
2026-05-07 00:00:00,2026,5,US-2026-141733
2026-05-08 00:00:00,2026,5,US-2026-156895
2026-05-09 00:00:00,2026,5,US-2026-134810
2026-05-11 00:00:00,2026,5,US-2026-139647
2026-05-12 00:00:00,2026,5,US-2026-122175
2026-05-13 00:00:00,2026,5,US-2026-137785
2026-05-14 00:00:00,2026,5,US-2026-133361
2026-05-15 00:00:00,2026,5,US-2026-110604
2026-05-16 00:00:00,2026,5,US-2026-166576
2026-05-18 00:00:00,2026,5,US-2026-159464
2026-05-19 00:00:00,2026,5,US-2026-138975
2026-05-20 00:00:00,2026,5,US-2026-166695
2026-05-21 00:00:00,2026,5,US-2026-167899
2026-05-22 00:00:00,2026,5,US-2026-150595
2026-05-23 00:00:00,2026,5,US-2026-167003
2026-05-25 00:00:00,2026,5,US-2026-120168
2026-05-26 00:00:00,2026,5,US-2026-123687
2026-05-27 00:00:00,2026,5,US-2026-136882
2026-05-28 00:00:00,2026,5,US-2026-161340
2026-05-29 00:00:00,2026,5,US-2026-168739
2026-05-30 00:00:00,2026,5,US-2026-125472
2026-06-01 00:00:00,2026,6,US-2026-121559
2026-06-02 00:00:00,2026,6,US-2026-140760
2026-06-03 00:00:00,2026,6,US-2026-140872
2026-06-04 00:00:00,2026,6,US-2026-158407
2026-06-05 00:00:00,2026,6,US-2026-141614
2026-06-06 00:00:00,2026,6,US-2026-131849
2026-06-08 00:00:00,2026,6,US-2026-109316
2026-06-09 00:00:00,2026,6,US-2026-106663
2026-06-10 00:00:00,2026,6,US-2026-140963
2026-06-11 00:00:00,2026,6,US-2026-134565
2026-06-12 00:00:00,2026,6,US-2026-108441
2026-06-13 00:00:00,2026,6,US-2026-104850
2026-06-15 00:00:00,2026,6,US-2026-126914
2026-06-16 00:00:00,2026,6,US-2026-105214
2026-06-17 00:00:00,2026,6,US-2026-118437
2026-06-18 00:00:00,2026,6,US-2026-112753
2026-06-19 00:00:00,2026,6,US-2026-128944
2026-06-20 00:00:00,2026,6,US-2026-106852
2026-06-21 00:00:00,2026,6,US-2026-101049
2026-06-22 00:00:00,2026,6,US-2026-105823
2026-06-24 00:00:00,2026,6,US-2026-136350
2026-06-25 00:00:00,2026,6,US-2026-116127
2026-06-26 00:00:00,2026,6,US-2026-148810
2026-06-27 00:00:00,2026,6,US-2026-123638
2026-06-29 00:00:00,2026,6,US-2026-137449
2026-06-30 00:00:00,2026,6,US-2026-109393
2026-07-01 00:00:00,2026,7,US-2026-148362
2026-07-02 00:00:00,2026,7,US-2026-107958
2026-07-03 00:00:00,2026,7,US-2026-169124
2026-07-05 00:00:00,2026,7,US-2026-100223
2026-07-06 00:00:00,2026,7,US-2026-152492
2026-07-07 00:00:00,2026,7,US-2026-169551
2026-07-08 00:00:00,2026,7,US-2026-140480
2026-07-09 00:00:00,2026,7,US-2026-145128
2026-07-10 00:00:00,2026,7,US-2026-128629
2026-07-11 00:00:00,2026,7,US-2026-162015
2026-07-12 00:00:00,2026,7,US-2026-106047
2026-07-13 00:00:00,2026,7,US-2026-136364
2026-07-14 00:00:00,2026,7,US-2026-161935
2026-07-15 00:00:00,2026,7,US-2026-164378
2026-07-16 00:00:00,2026,7,US-2026-156909
2026-07-17 00:00:00,2026,7,US-2026-142342
2026-07-18 00:00:00,2026,7,US-2026-142573
2026-07-20 00:00:00,2026,7,US-2026-108343
2026-07-21 00:00:00,2026,7,US-2026-104731
2026-07-22 00:00:00,2026,7,US-2026-106551
2026-07-23 00:00:00,2026,7,US-2026-110940
2026-07-24 00:00:00,2026,7,US-2026-135013
2026-07-25 00:00:00,2026,7,US-2026-121293
2026-07-26 00:00:00,2026,7,US-2026-167318
2026-07-27 00:00:00,2026,7,US-2026-107209
2026-07-28 00:00:00,2026,7,US-2026-130841
2026-07-29 00:00:00,2026,7,US-2026-115301
2026-07-30 00:00:00,2026,7,US-2026-155740
2026-07-31 00:00:00,2026,7,US-2026-161102
2026-08-01 00:00:00,2026,8,US-2026-124576
2026-08-03 00:00:00,2026,8,US-2026-165386
2026-08-04 00:00:00,2026,8,US-2026-146367
2026-08-05 00:00:00,2026,8,US-2026-128328
2026-08-06 00:00:00,2026,8,US-2026-161200
2026-08-07 00:00:00,2026,8,US-2026-156776
2026-08-08 00:00:00,2026,8,CA-2026-129322
2026-08-10 00:00:00,2026,8,US-2026-143063
2026-08-11 00:00:00,2026,8,US-2026-139311
2026-08-12 00:00:00,2026,8,US-2026-118941
2026-08-13 00:00:00,2026,8,US-2026-128363
2026-08-14 00:00:00,2026,8,US-2026-105921
2026-08-15 00:00:00,2026,8,US-2026-138548
2026-08-16 00:00:00,2026,8,US-2026-122987
2026-08-17 00:00:00,2026,8,US-2026-133102
2026-08-18 00:00:00,2026,8,US-2026-117947
2026-08-19 00:00:00,2026,8,US-2026-100398
2026-08-20 00:00:00,2026,8,US-2026-111241
2026-08-21 00:00:00,2026,8,US-2026-155705
2026-08-22 00:00:00,2026,8,US-2026-131037
2026-08-23 00:00:00,2026,8,US-2026-129021
2026-08-24 00:00:00,2026,8,US-2026-139717
2026-08-25 00:00:00,2026,8,US-2026-159793
2026-08-26 00:00:00,2026,8,US-2026-157350
2026-08-27 00:00:00,2026,8,US-2026-161956
2026-08-28 00:00:00,2026,8,US-2026-126067
2026-08-29 00:00:00,2026,8,US-2026-101014
2026-08-31 00:00:00,2026,8,US-2026-154074
2026-09-01 00:00:00,2026,9,US-2026-145653
2026-09-02 00:00:00,2026,9,US-2026-111388
2026-09-03 00:00:00,2026,9,US-2026-153255
2026-09-04 00:00:00,2026,9,US-2026-140326
2026-09-05 00:00:00,2026,9,US-2026-102736
2026-09-07 00:00:00,2026,9,US-2026-150070
2026-09-08 00:00:00,2026,9,US-2026-124779
2026-09-09 00:00:00,2026,9,US-2026-137498
2026-09-10 00:00:00,2026,9,US-2026-128370
2026-09-11 00:00:00,2026,9,US-2026-149559
2026-09-12 00:00:00,2026,9,US-2026-103611
2026-09-13 00:00:00,2026,9,US-2026-139493
2026-09-14 00:00:00,2026,9,US-2026-156237
2026-09-15 00:00:00,2026,9,US-2026-121888
2026-09-16 00:00:00,2026,9,US-2026-136448
2026-09-17 00:00:00,2026,9,US-2026-112515
2026-09-18 00:00:00,2026,9,US-2026-148068
2026-09-19 00:00:00,2026,9,US-2026-143378
2026-09-20 00:00:00,2026,9,US-2026-100111
2026-09-21 00:00:00,2026,9,US-2026-123351
2026-09-22 00:00:00,2026,9,US-2026-167381
2026-09-23 00:00:00,2026,9,US-2026-132059
2026-09-24 00:00:00,2026,9,US-2026-142034
2026-09-25 00:00:00,2026,9,US-2026-144904
2026-09-26 00:00:00,2026,9,US-2026-129490
2026-09-28 00:00:00,2026,9,US-2026-101574
2026-09-29 00:00:00,2026,9,US-2026-140186
2026-09-30 00:00:00,2026,9,US-2026-147452
2026-10-01 00:00:00,2026,10,US-2026-129378
2026-10-02 00:00:00,2026,10,US-2026-141117
2026-10-03 00:00:00,2026,10,US-2026-143035
2026-10-04 00:00:00,2026,10,US-2026-163818
2026-10-05 00:00:00,2026,10,US-2026-131807
2026-10-06 00:00:00,2026,10,US-2026-148054
2026-10-07 00:00:00,2026,10,US-2026-104003
2026-10-08 00:00:00,2026,10,US-2026-168613
2026-10-09 00:00:00,2026,10,US-2026-141873
2026-10-10 00:00:00,2026,10,US-2026-111717
2026-10-12 00:00:00,2026,10,US-2026-150091
2026-10-13 00:00:00,2026,10,US-2026-163160
2026-10-14 00:00:00,2026,10,US-2026-168837
2026-10-15 00:00:00,2026,10,US-2026-142643
2026-10-16 00:00:00,2026,10,US-2026-132234
2026-10-17 00:00:00,2026,10,US-2026-123246
2026-10-19 00:00:00,2026,10,US-2026-106432
2026-10-20 00:00:00,2026,10,US-2026-103065
2026-10-21 00:00:00,2026,10,US-2026-167094
2026-10-22 00:00:00,2026,10,US-2026-130141
2026-10-23 00:00:00,2026,10,US-2026-125451
2026-10-24 00:00:00,2026,10,US-2026-141705
2026-10-26 00:00:00,2026,10,US-2026-162173
2026-10-27 00:00:00,2026,10,US-2026-130764
2026-10-28 00:00:00,2026,10,US-2026-139353
2026-10-29 00:00:00,2026,10,US-2026-160983
2026-10-30 00:00:00,2026,10,US-2026-142622
2026-10-31 00:00:00,2026,10,US-2026-131632
2026-11-01 00:00:00,2026,11,US-2026-123967
2026-11-02 00:00:00,2026,11,US-2026-143567
2026-11-03 00:00:00,2026,11,US-2026-142636
2026-11-04 00:00:00,2026,11,US-2026-147760
2026-11-05 00:00:00,2026,11,US-2026-102925
2026-11-06 00:00:00,2026,11,US-2026-107174
2026-11-07 00:00:00,2026,11,US-2026-113460
2026-11-08 00:00:00,2026,11,US-2026-155621
2026-11-09 00:00:00,2026,11,US-2026-158246
2026-11-10 00:00:00,2026,11,US-2026-137624
2026-11-11 00:00:00,2026,11,US-2026-148985
2026-11-12 00:00:00,2026,11,US-2026-134915
2026-11-13 00:00:00,2026,11,US-2026-113873
2026-11-14 00:00:00,2026,11,US-2026-152142
2026-11-15 00:00:00,2026,11,US-2026-108112
2026-11-16 00:00:00,2026,11,US-2026-122945
2026-11-17 00:00:00,2026,11,US-2026-124674
2026-11-18 00:00:00,2026,11,US-2026-160122
2026-11-19 00:00:00,2026,11,US-2026-139969
2026-11-20 00:00:00,2026,11,US-2026-111556
2026-11-21 00:00:00,2026,11,US-2026-107874
2026-11-22 00:00:00,2026,11,US-2026-144036
2026-11-23 00:00:00,2026,11,US-2026-103156
2026-11-24 00:00:00,2026,11,US-2026-168641
2026-11-25 00:00:00,2026,11,US-2026-133312
2026-11-26 00:00:00,2026,11,US-2026-141439
2026-11-27 00:00:00,2026,11,US-2026-107125
2026-11-28 00:00:00,2026,11,US-2026-110576
2026-11-29 00:00:00,2026,11,US-2026-108035
2026-11-30 00:00:00,2026,11,US-2026-165456
2026-12-01 00:00:00,2026,12,US-2026-166926
2026-12-02 00:00:00,2026,12,US-2026-112347
2026-12-03 00:00:00,2026,12,US-2026-103415
2026-12-04 00:00:00,2026,12,US-2026-139773
2026-12-05 00:00:00,2026,12,US-2026-105235
2026-12-06 00:00:00,2026,12,US-2026-149006
2026-12-07 00:00:00,2026,12,US-2026-136189
2026-12-08 00:00:00,2026,12,US-2026-117457
2026-12-09 00:00:00,2026,12,US-2026-141201
2026-12-10 00:00:00,2026,12,US-2026-110149
2026-12-11 00:00:00,2026,12,US-2026-168389
2026-12-13 00:00:00,2026,12,US-2026-135377
2026-12-14 00:00:00,2026,12,US-2026-107629
2026-12-15 00:00:00,2026,12,US-2026-119564
2026-12-16 00:00:00,2026,12,US-2026-137428
2026-12-17 00:00:00,2026,12,US-2026-116855
2026-12-18 00:00:00,2026,12,US-2026-140585
2026-12-19 00:00:00,2026,12,US-2026-116946
2026-12-20 00:00:00,2026,12,US-2026-102197
2026-12-21 00:00:00,2026,12,US-2026-137456
2026-12-22 00:00:00,2026,12,US-2026-119578
2026-12-23 00:00:00,2026,12,US-2026-140627
2026-12-24 00:00:00,2026,12,US-2026-128734
2026-12-25 00:00:00,2026,12,US-2026-161480
2026-12-26 00:00:00,2026,12,US-2026-112487
2026-12-27 00:00:00,2026,12,US-2026-134404
2026-12-28 00:00:00,2026,12,US-2026-136539
2026-12-29 00:00:00,2026,12,US-2026-158526
2026-12-30 00:00:00,2026,12,US-2026-143259
